Algorithms,Accuracy
Decision Tree,0.9509803921568627
Random Forest,0.9558823529411765
SVM,0.9607843137254902
Bagging,0.9656862745098039
Xgboost,0.9509803921568627
